{
    "model_type": "Logistic Regression",
    "training_date": "2025-09-26T11:22:09.489118",
    "accuracy": 0.9385964912280702,
    "metrics": {
        "0": {
            "precision": 0.922077922077922,
            "recall": 0.9861111111111112,
            "f1-score": 0.9530201342281879,
            "support": 72.0
        },
        "1": {
            "precision": 0.972972972972973,
            "recall": 0.8571428571428571,
            "f1-score": 0.9113924050632911,
            "support": 42.0
        },
        "accuracy": 0.9385964912280702,
        "macro avg": {
            "precision": 0.9475254475254475,
            "recall": 0.9216269841269842,
            "f1-score": 0.9322062696457395,
            "support": 114.0
        },
        "weighted avg": {
            "precision": 0.9408287303024145,
            "recall": 0.9385964912280702,
            "f1-score": 0.9376836024305945,
            "support": 114.0
        }
    }
}